userId,movieId,rating
1,1,2.7
1,2,3.6
1,3,2.6
1,4,3.7
1,5,4.1
1,6,2.5
1,7,4.2
1,8,3.5
1,9,3.5
1,10,2.5
1,11,2.5
1,12,3.4
1,13,3.2
1,14,2.6
1,15,4.2
1,16,2.9
1,17,2.7
1,18,3.6
1,19,3.2
1,20,4.2
1,21,3.3
1,22,4.0
1,23,3.7
1,24,3.3
1,25,2.5
1,26,4.1
1,27,3.5
1,28,4.4
1,29,2.5
1,30,2.9
1,31,2.9
1,32,3.7
1,33,3.5
1,34,4.8
1,35,2.8
1,36,3.2
1,37,2.8
1,38,4.8
1,39,3.2
1,40,2.9
1,41,3.5
1,42,2.6
1,43,3.9
1,44,3.3
1,45,3.2
1,46,4.1
1,47,3.7
1,48,3.1
1,49,3.5
1,50,3.4
1,51,4.1
1,52,3.9
1,53,3.8
1,54,3.4
1,55,3.5
1,56,4.1
1,57,3.5
1,58,3.0
1,59,3.0
1,60,2.8
1,61,2.5
1,62,3.2
1,63,3.2
1,64,3.0
1,65,2.5
1,66,2.8
1,67,3.7
2,1,2.6
2,2,3.0
2,3,3.1
2,4,3.7
2,5,3.6
2,6,4.0
2,7,3.3
2,8,2.7
2,9,4.7
2,10,3.8
2,11,3.5
2,12,3.8
2,13,3.3
2,14,4.5
2,15,3.2
2,16,2.5
2,17,2.7
2,18,2.6
2,19,3.6
2,20,3.0
2,21,3.4
2,22,4.0
2,23,2.9
2,24,3.2
2,25,3.8
2,26,4.2
2,27,2.6
2,28,3.0
2,29,2.8
2,30,4.9
2,31,3.9
2,32,3.6
2,33,4.0
2,34,4.8
2,35,2.8
2,36,4.0
2,37,3.4
2,38,3.9
2,39,4.0
2,40,3.0
2,41,2.7
2,42,4.2
2,43,4.4
2,44,4.8
2,45,4.0
2,46,2.5
2,47,3.4
2,48,3.2
2,49,4.2
2,50,4.1
2,51,4.3
2,52,4.9
2,53,3.0
2,54,3.4
2,55,3.7
2,56,3.1
2,57,4.2
2,58,4.1
2,59,2.9
2,60,3.3
2,61,3.0
2,62,3.0
2,63,2.6
2,64,3.5
2,65,3.4
2,66,2.6
2,67,3.0
3,1,4.2
3,2,3.7
3,3,3.1
3,4,3.6
3,5,4.6
3,6,3.4
3,7,2.7
3,8,4.8
3,9,3.0
3,10,2.8
3,11,2.6
3,12,3.5
3,13,3.7
3,14,2.5
3,15,3.4
3,16,4.2
3,17,3.6
3,18,4.2
3,19,4.7
3,20,3.2
3,21,4.9
3,22,2.7
3,23,3.1
3,24,2.7
3,25,4.1
3,26,4.0
3,27,4.3
3,28,4.7
3,29,3.9
3,30,3.4
3,31,3.4
3,32,2.9
3,33,2.7
3,34,4.0
3,35,4.0
3,36,4.6
3,37,4.3
3,38,4.3
3,39,4.7
3,40,4.0
3,41,4.0
3,42,3.8
3,43,3.6
3,44,2.6
3,45,2.8
3,46,4.0
3,47,4.6
3,48,2.5
3,49,2.7
3,50,3.6
3,51,2.5
3,52,2.8
3,53,4.5
3,54,3.7
3,55,3.6
3,56,2.9
3,57,3.7
3,58,4.2
3,59,3.1
3,60,4.7
3,61,3.6
3,62,3.9
3,63,3.6
3,64,3.5
3,65,2.7
3,66,3.1
3,67,3.0
4,1,3.5
4,2,3.3
4,3,2.8
4,4,3.7
4,5,3.0
4,6,2.5
4,7,3.6
4,8,2.8
4,9,4.1
4,10,5.0
4,11,4.1
4,12,3.1
4,13,4.0
4,14,4.1
4,15,4.4
4,16,4.1
4,17,4.1
4,18,4.9
4,19,4.3
4,20,4.4
4,21,3.9
4,22,3.0
4,23,2.8
4,24,4.6
4,25,4.1
4,26,3.7
4,27,3.5
4,28,2.7
4,29,3.5
4,30,4.2
4,31,4.1
4,32,3.4
4,33,4.0
4,34,3.8
4,35,4.7
4,36,3.7
4,37,3.1
4,38,3.0
4,39,3.9
4,40,3.9
4,41,4.0
4,42,4.1
4,43,3.4
4,44,4.5
4,45,4.8
4,46,4.6
4,47,3.7
4,48,4.8
4,49,4.0
4,50,3.1
4,51,3.1
4,52,4.1
4,53,3.5
4,54,4.0
4,55,3.3
4,56,3.4
4,57,4.3
4,58,4.6
4,59,4.0
4,60,4.0
4,61,4.8
4,62,3.1
4,63,2.7
4,64,4.5
4,65,4.8
4,66,4.2
4,67,4.6
5,1,4.0
5,2,4.4
5,3,3.2
5,4,3.8
5,5,4.3
5,6,4.2
5,7,4.1
5,8,4.4
5,9,3.7
5,10,4.1
5,11,4.9
5,12,4.4
5,13,4.2
5,14,4.1
5,15,4.2
5,16,4.9
5,17,4.6
5,18,3.4
5,19,3.6
5,20,4.4
5,21,4.7
5,22,4.0
5,23,4.6
5,24,4.2
5,25,4.1
5,26,3.1
5,27,4.1
5,28,4.1
5,29,4.3
5,30,4.2
5,31,2.8
5,32,2.5
5,33,3.8
5,34,3.9
5,35,4.3
5,36,4.5
5,37,4.6
5,38,4.0
5,39,4.9
5,40,4.9
5,41,4.3
5,42,2.5
5,43,4.9
5,44,3.4
5,45,3.4
5,46,3.7
5,47,3.5
5,48,4.1
5,49,4.9
5,50,4.9
5,51,3.6
5,52,3.9
5,53,4.7
5,54,3.5
5,55,2.7
5,56,3.9
5,57,3.9
5,58,3.6
5,59,3.9
5,60,3.6
5,61,2.9
5,62,4.3
5,63,4.2
5,64,4.4
5,65,4.0
5,66,4.6
5,67,4.3
6,1,4.9
6,2,2.6
6,3,3.2
6,4,4.1
6,5,4.5
6,6,3.2
6,7,3.5
6,8,4.6
6,9,3.7
6,10,2.7
6,11,2.9
6,12,3.5
6,13,4.9
6,14,3.5
6,15,2.9
6,16,4.7
6,17,3.8
6,18,4.2
6,19,4.4
6,20,4.5
6,21,4.5
6,22,3.2
6,23,3.0
6,24,4.1
6,25,2.6
6,26,4.1
6,27,4.8
6,28,4.4
6,29,4.1
6,30,3.7
6,31,4.5
6,32,3.3
6,33,2.6
6,34,2.7
6,35,4.6
6,36,4.6
6,37,4.2
6,38,4.9
6,39,4.8
6,40,2.7
6,41,4.1
6,42,4.2
6,43,4.2
6,44,2.6
6,45,3.8
6,46,3.4
6,47,4.7
6,48,5.0
6,49,3.7
6,50,3.9
6,51,4.0
6,52,3.9
6,53,4.4
6,54,4.2
6,55,3.2
6,56,4.0
6,57,4.1
6,58,4.5
6,59,4.2
6,60,4.6
6,61,4.9
6,62,4.0
6,63,2.9
6,64,4.9
6,65,4.6
6,66,4.4
6,67,4.7
7,1,3.5
7,2,3.8
7,3,3.8
7,4,3.9
7,5,3.8
7,6,3.7
7,7,2.9
7,8,3.2
7,9,3.3
7,10,4.1
7,11,3.4
7,12,3.2
7,13,3.9
7,14,4.2
7,15,4.6
7,16,3.0
7,17,2.6
7,18,4.1
7,19,4.1
7,20,2.9
7,21,3.7
7,22,2.6
7,23,2.8
7,24,2.9
7,25,3.0
7,26,4.2
7,27,3.7
7,28,3.2
7,29,3.8
7,30,4.1
7,31,4.1
7,32,2.6
7,33,3.2
7,34,2.7
7,35,3.1
7,36,2.8
7,37,3.6
7,38,3.2
7,39,2.9
7,40,3.0
7,41,3.1
7,42,2.9
7,43,3.3
7,44,4.0
7,45,4.3
7,46,4.4
7,47,3.5
7,48,3.0
7,49,2.7
7,50,2.6
7,51,4.1
7,52,4.4
7,53,3.5
7,54,4.1
7,55,2.6
7,56,4.0
7,57,3.4
7,58,2.8
7,59,3.2
7,60,3.8
7,61,3.3
7,62,4.2
7,63,3.1
7,64,3.8
7,65,3.2
7,66,3.9
7,67,3.5
8,1,3.8
8,2,4.1
8,3,3.5
8,4,3.7
8,5,3.8
8,6,3.1
8,7,2.9
8,8,2.8
8,9,2.9
8,10,3.0
8,11,2.9
8,12,4.0
8,13,3.8
8,14,2.6
8,15,3.0
8,16,2.5
8,17,3.3
8,18,3.3
8,19,3.9
8,20,3.0
8,21,3.9
8,22,4.1
8,23,2.7
8,24,3.8
8,25,3.5
8,26,3.3
8,27,3.2
8,28,4.8
8,29,3.6
8,30,3.9
8,31,4.0
8,32,3.5
8,33,4.2
8,34,4.6
8,35,3.6
8,36,3.4
8,37,2.7
8,38,4.7
8,39,3.4
8,40,3.3
8,41,4.0
8,42,3.0
8,43,3.4
8,44,3.7
8,45,3.9
8,46,3.3
8,47,3.9
8,48,3.8
8,49,2.6
8,50,2.6
8,51,3.6
8,52,3.1
8,53,2.9
8,54,3.5
8,55,3.1
8,56,3.4
8,57,3.3
8,58,3.5
8,59,3.2
8,60,3.7
8,61,2.8
8,62,3.7
8,63,3.2
8,64,4.0
8,65,3.4
8,66,4.2
8,67,3.5
9,1,2.7
9,2,3.3
9,3,4.2
9,4,3.1
9,5,3.4
9,6,3.7
9,7,2.6
9,8,3.9
9,9,3.6
9,10,2.6
9,11,4.0
9,12,4.1
9,13,2.6
9,14,3.0
9,15,3.9
9,16,3.8
9,17,2.8
9,18,2.9
9,19,3.1
9,20,3.3
9,21,3.6
9,22,3.1
9,23,3.3
9,24,3.8
9,25,2.6
9,26,2.9
9,27,3.7
9,28,4.9
9,29,3.4
9,30,3.4
9,31,2.7
9,32,3.3
9,33,3.4
9,34,2.9
9,35,3.0
9,36,3.1
9,37,2.5
9,38,4.3
9,39,2.9
9,40,3.1
9,41,2.7
9,42,4.0
9,43,3.5
9,44,3.7
9,45,3.8
9,46,3.3
9,47,2.6
9,48,3.4
9,49,3.5
9,50,3.8
9,51,3.2
9,52,2.7
9,53,3.0
9,54,3.1
9,55,3.6
9,56,3.5
9,57,3.1
9,58,4.2
9,59,3.5
9,60,2.9
9,61,2.7
9,62,2.8
9,63,2.9
9,64,2.8
9,65,2.8
9,66,3.0
9,67,2.8
10,1,4.4
10,2,5.0
10,3,4.9
10,4,4.8
10,5,4.3
10,6,4.2
10,7,4.7
10,8,4.9
10,9,4.6
10,10,4.6
10,11,4.3
10,12,4.8
10,13,4.2
10,14,4.3
10,15,4.4
10,16,4.5
10,17,4.2
10,18,2.7
10,19,3.5
10,20,4.3
10,21,4.6
10,22,4.2
10,23,4.5
10,24,4.5
10,25,4.1
10,26,3.1
10,27,4.1
10,28,4.1
10,29,5.0
10,30,4.3
10,31,4.8
10,32,4.3
10,33,4.7
10,34,4.8
10,35,4.6
10,36,4.5
10,37,4.4
10,38,3.1
10,39,4.9
10,40,4.8
10,41,5.0
10,42,4.1
10,43,4.7
10,44,4.1
10,45,4.2
10,46,4.1
10,47,3.8
10,48,4.6
10,49,4.8
10,50,4.1
10,51,4.8
10,52,2.8
10,53,4.2
10,54,4.2
10,55,4.8
10,56,4.7
10,57,4.5
10,58,3.1
10,59,4.9
10,60,3.2
10,61,4.8
10,62,4.4
10,63,4.4
10,64,4.5
10,65,4.3
10,66,4.7
10,67,4.5
11,1,4.1
11,2,3.6
11,3,3.1
11,4,2.7
11,5,3.8
11,6,3.6
11,7,3.4
11,8,4.0
11,9,3.8
11,10,2.8
11,11,3.0
11,12,2.9
11,13,3.8
11,14,2.6
11,15,4.6
11,16,3.8
11,17,4.0
11,18,3.1
11,19,3.9
11,20,2.7
11,21,3.9
11,22,2.7
11,23,3.2
11,24,3.9
11,25,2.8
11,26,2.9
11,27,3.7
11,28,3.7
11,29,3.6
11,30,3.7
11,31,3.4
11,32,2.9
11,33,3.1
11,34,4.2
11,35,4.0
11,36,3.5
11,37,3.2
11,38,3.3
11,39,4.1
11,40,2.8
11,41,3.5
11,42,3.4
11,43,3.5
11,44,2.5
11,45,4.0
11,46,4.1
11,47,3.5
11,48,3.7
11,49,4.1
11,50,3.7
11,51,2.8
11,52,3.5
11,53,3.5
11,54,3.2
11,55,3.8
11,56,4.1
11,57,4.1
11,58,3.3
11,59,2.7
11,60,4.2
11,61,3.9
11,62,2.7
11,63,4.1
11,64,4.0
11,65,3.4
11,66,3.5
11,67,3.2
12,1,4.5
12,2,4.1
12,3,4.3
12,4,3.1
12,5,4.7
12,6,3.3
12,7,2.9
12,8,4.5
12,9,2.7
12,10,2.8
12,11,3.3
12,12,3.2
12,13,4.1
12,14,3.1
12,15,3.5
12,16,4.6
12,17,2.5
12,18,4.7
12,19,4.2
12,20,4.1
12,21,4.1
12,22,3.2
12,23,2.6
12,24,4.2
12,25,3.4
12,26,3.5
12,27,4.1
12,28,3.8
12,29,2.9
12,30,4.0
12,31,2.8
12,32,2.8
12,33,2.6
12,34,3.3
12,35,3.5
12,36,4.1
12,37,4.8
12,38,4.5
12,39,4.5
12,40,3.2
12,41,3.2
12,42,3.5
12,43,2.8
12,44,2.8
12,45,4.0
12,46,4.1
12,47,4.4
12,48,3.0
12,49,3.6
12,50,3.2
12,51,2.5
12,52,2.8
12,53,4.7
12,54,3.6
12,55,2.5
12,56,2.9
12,57,2.9
12,58,4.7
12,59,2.5
12,60,4.1
12,61,3.9
12,62,2.8
12,63,3.6
12,64,2.9
12,65,2.7
12,66,2.9
12,67,3.7
13,1,4.7
13,2,4.8
13,3,4.1
13,4,4.0
13,5,4.6
13,6,4.7
13,7,4.9
13,8,4.6
13,9,3.1
13,10,4.8
13,11,4.4
13,12,4.0
13,13,4.8
13,14,4.3
13,15,4.8
13,16,4.4
13,17,4.9
13,18,2.9
13,19,4.2
13,20,4.8
13,21,4.1
13,22,4.6
13,23,5.0
13,24,4.5
13,25,4.2
13,26,3.3
13,27,4.5
13,28,4.7
13,29,4.7
13,30,3.2
13,31,2.9
13,32,3.6
13,33,3.2
13,34,2.7
13,35,4.9
13,36,4.7
13,37,4.7
13,38,3.9
13,39,4.5
13,40,4.8
13,41,4.5
13,42,2.6
13,43,4.4
13,44,3.3
13,45,3.7
13,46,2.7
13,47,2.7
13,48,2.9
13,49,4.3
13,50,4.7
13,51,2.9
13,52,3.6
13,53,4.5
13,54,3.5
13,55,3.9
13,56,3.2
13,57,3.8
13,58,3.2
13,59,3.1
13,60,4.1
13,61,2.8
13,62,4.1
13,63,4.8
13,64,4.1
13,65,4.8
13,66,4.4
13,67,4.9
14,1,2.6
14,2,2.9
14,3,3.5
14,4,2.6
14,5,3.3
14,6,3.5
14,7,3.1
14,8,3.8
14,9,2.7
14,10,2.6
14,11,3.7
14,12,3.3
14,13,3.7
14,14,3.2
14,15,2.9
14,16,3.9
14,17,3.9
14,18,3.7
14,19,3.0
14,20,3.5
14,21,3.1
14,22,2.7
14,23,4.1
14,24,2.7
14,25,4.1
14,26,3.3
14,27,2.8
14,28,4.5
14,29,4.0
14,30,3.7
14,31,3.9
14,32,3.6
14,33,3.7
14,34,3.9
14,35,2.9
14,36,3.3
14,37,2.9
14,38,5.0
14,39,4.1
14,40,2.6
14,41,3.7
14,42,4.1
14,43,2.8
14,44,3.5
14,45,4.1
14,46,2.6
14,47,3.7
14,48,3.0
14,49,4.1
14,50,4.2
14,51,4.1
14,52,3.3
14,53,4.0
14,54,3.9
14,55,3.0
14,56,3.9
14,57,2.6
14,58,3.5
14,59,2.9
14,60,2.7
14,61,2.6
14,62,4.7
14,63,4.3
14,64,3.7
14,65,2.6
14,66,3.0
14,67,3.4
15,1,3.3
15,2,4.2
15,3,2.5
15,4,2.8
15,5,3.2
15,6,4.1
15,7,2.6
15,8,2.5
15,9,4.1
15,10,2.7
15,11,2.6
15,12,3.3
15,13,3.5
15,14,4.3
15,15,4.4
15,16,2.7
15,17,3.1
15,18,3.4
15,19,3.7
15,20,2.5
15,21,3.3
15,22,3.0
15,23,3.9
15,24,3.7
15,25,3.5
15,26,4.3
15,27,4.0
15,28,2.6
15,29,2.7
15,30,4.4
15,31,2.7
15,32,4.1
15,33,3.9
15,34,2.9
15,35,3.5
15,36,4.2
15,37,4.0
15,38,3.5
15,39,4.0
15,40,4.2
15,41,3.8
15,42,4.1
15,43,4.4
15,44,4.8
15,45,2.9
15,46,3.9
15,47,2.7
15,48,2.6
15,49,4.4
15,50,4.0
15,51,5.0
15,52,4.8
15,53,3.9
15,54,3.6
15,55,2.9
15,56,3.4
15,57,3.5
15,58,3.4
15,59,2.9
15,60,3.4
15,61,3.3
15,62,4.2
15,63,4.0
15,64,3.3
15,65,3.6
15,66,3.8
15,67,2.6
16,1,5.0
16,2,4.0
16,3,3.9
16,4,3.6
16,5,4.6
16,6,2.6
16,7,3.2
16,8,4.4
16,9,2.9
16,10,3.7
16,11,3.3
16,12,2.6
16,13,2.9
16,14,3.7
16,15,2.6
16,16,4.9
16,17,3.3
16,18,4.5
16,19,4.6
16,20,3.9
16,21,4.3
16,22,3.7
16,23,3.5
16,24,3.0
16,25,4.0
16,26,3.9
16,27,4.7
16,28,4.9
16,29,4.0
16,30,3.7
16,31,3.9
16,32,3.7
16,33,3.7
16,34,4.6
16,35,3.8
16,36,4.2
16,37,4.9
16,38,4.9
16,39,4.0
16,40,3.9
16,41,2.7
16,42,3.1
16,43,3.8
16,44,2.8
16,45,3.9
16,46,3.9
16,47,4.5
16,48,2.5
16,49,3.0
16,50,3.5
16,51,4.2
16,52,3.6
16,53,4.3
16,54,3.6
16,55,3.4
16,56,3.8
16,57,2.7
16,58,4.8
16,59,3.4
16,60,5.0
16,61,3.1
16,62,3.6
16,63,4.1
16,64,2.7
16,65,4.1
16,66,3.7
16,67,2.6
17,1,4.0
17,2,4.2
17,3,5.0
17,4,3.8
17,5,2.7
17,6,3.8
17,7,2.5
17,8,2.5
17,9,3.1
17,10,3.3
17,11,3.8
17,12,3.7
17,13,4.4
17,14,3.0
17,15,4.2
17,16,3.2
17,17,3.3
17,18,4.2
17,19,4.8
17,20,4.7
17,21,2.9
17,22,2.6
17,23,3.7
17,24,4.7
17,25,3.0
17,26,4.1
17,27,2.8
17,28,3.2
17,29,4.1
17,30,3.2
17,31,4.6
17,32,3.2
17,33,3.0
17,34,4.2
17,35,4.4
17,36,4.0
17,37,2.9
17,38,2.9
17,39,2.6
17,40,3.6
17,41,3.1
17,42,4.0
17,43,3.3
17,44,4.1
17,45,2.8
17,46,4.0
17,47,3.8
17,48,4.8
17,49,3.9
17,50,3.8
17,51,3.6
17,52,2.7
17,53,2.6
17,54,4.9
17,55,3.5
17,56,3.9
17,57,4.5
17,58,4.1
17,59,4.1
17,60,4.7
17,61,4.4
17,62,2.8
17,63,3.3
17,64,4.1
17,65,4.6
17,66,4.3
17,67,4.8
18,1,4.1
18,2,4.0
18,3,4.7
18,4,3.8
18,5,2.7
18,6,2.7
18,7,3.5
18,8,2.5
18,9,3.3
18,10,2.9
18,11,3.1
18,12,3.8
18,13,4.1
18,14,2.6
18,15,3.4
18,16,4.0
18,17,2.6
18,18,3.9
18,19,3.1
18,20,3.0
18,21,4.2
18,22,2.8
18,23,3.7
18,24,3.9
18,25,2.6
18,26,3.6
18,27,4.1
18,28,2.7
18,29,4.0
18,30,3.5
18,31,3.5
18,32,3.5
18,33,3.0
18,34,4.1
18,35,4.1
18,36,3.6
18,37,3.8
18,38,3.5
18,39,3.3
18,40,3.6
18,41,3.4
18,42,3.5
18,43,3.8
18,44,3.3
18,45,2.6
18,46,2.8
18,47,3.2
18,48,3.7
18,49,3.5
18,50,3.6
18,51,3.3
18,52,3.5
18,53,3.1
18,54,3.3
18,55,3.8
18,56,4.0
18,57,3.2
18,58,2.6
18,59,2.8
18,60,2.5
18,61,3.6
18,62,4.3
18,63,4.5
18,64,3.3
18,65,2.6
18,66,3.2
18,67,2.9
19,1,3.8
19,2,3.8
19,3,3.4
19,4,3.4
19,5,3.4
19,6,3.5
19,7,2.5
19,8,3.2
19,9,4.6
19,10,3.5
19,11,3.8
19,12,3.6
19,13,4.2
19,14,4.3
19,15,4.4
19,16,3.2
19,17,3.3
19,18,3.9
19,19,2.9
19,20,3.8
19,21,3.2
19,22,3.5
19,23,3.6
19,24,3.1
19,25,3.4
19,26,4.4
19,27,2.6
19,28,3.2
19,29,2.7
19,30,4.4
19,31,3.5
19,32,3.5
19,33,3.6
19,34,2.7
19,35,3.6
19,36,3.0
19,37,3.2
19,38,4.0
19,39,2.5
19,40,3.5
19,41,3.5
19,42,4.4
19,43,4.2
19,44,4.2
19,45,4.0
19,46,3.3
19,47,3.1
19,48,3.3
19,49,4.7
19,50,4.1
19,51,4.4
19,52,4.6
19,53,4.1
19,54,2.9
19,55,3.1
19,56,3.1
19,57,3.5
19,58,3.1
19,59,3.4
19,60,3.8
19,61,3.7
19,62,4.4
19,63,4.9
19,64,3.4
19,65,3.4
19,66,2.6
19,67,4.2
20,1,2.7
20,2,4.6
20,3,4.7
20,4,4.4
20,5,3.3
20,6,4.7
20,7,4.0
20,8,3.0
20,9,5.0
20,10,3.5
20,11,4.3
20,12,4.5
20,13,3.1
20,14,3.4
20,15,2.7
20,16,2.7
20,17,4.1
20,18,4.1
20,19,3.7
20,20,2.8
20,21,2.8
20,22,4.7
20,23,4.2
20,24,2.9
20,25,5.0
20,26,2.9
20,27,3.6
20,28,4.2
20,29,4.4
20,30,4.0
20,31,4.2
20,32,4.8
20,33,4.9
20,34,4.8
20,35,2.7
20,36,3.9
20,37,4.1
20,38,3.5
20,39,4.1
20,40,4.8
20,41,4.7
20,42,4.6
20,43,3.1
20,44,2.8
20,45,4.6
20,46,4.3
20,47,4.0
20,48,5.0
20,49,3.8
20,50,2.7
20,51,4.3
20,52,2.7
20,53,3.6
20,54,4.8
20,55,4.9
20,56,4.4
20,57,4.9
20,58,4.0
20,59,4.3
20,60,4.0
20,61,4.4
20,62,3.0
20,63,3.6
20,64,3.1
20,65,3.6
20,66,3.5
20,67,3.5
21,1,4.6
21,2,3.6
21,3,4.6
21,4,3.3
21,5,4.4
21,6,4.0
21,7,3.4
21,8,4.5
21,9,2.5
21,10,3.1
21,11,3.1
21,12,3.2
21,13,3.5
21,14,3.4
21,15,3.5
21,16,4.8
21,17,3.9
21,18,4.7
21,19,5.0
21,20,2.5
21,21,4.2
21,22,2.5
21,23,3.6
21,24,4.0
21,25,2.9
21,26,4.1
21,27,4.1
21,28,4.1
21,29,3.1
21,30,2.7
21,31,3.3
21,32,2.9
21,33,3.0
21,34,3.0
21,35,3.9
21,36,4.5
21,37,4.3
21,38,4.6
21,39,4.7
21,40,3.0
21,41,3.2
21,42,2.7
21,43,2.8
21,44,3.7
21,45,2.8
21,46,3.4
21,47,4.7
21,48,2.7
21,49,3.5
21,50,2.9
21,51,4.1
21,52,3.3
21,53,4.8
21,54,3.4
21,55,2.6
21,56,3.6
21,57,4.1
21,58,4.6
21,59,3.9
21,60,4.9
21,61,2.9
21,62,2.9
21,63,3.5
21,64,3.2
21,65,3.9
21,66,4.0
21,67,3.1
22,1,4.1
22,2,4.6
22,3,3.3
22,4,3.5
22,5,4.2
22,6,4.7
22,7,4.9
22,8,4.2
22,9,2.7
22,10,4.0
22,11,4.6
22,12,4.6
22,13,4.5
22,14,4.2
22,15,4.4
22,16,4.6
22,17,4.5
22,18,4.2
22,19,2.7
22,20,4.7
22,21,4.4
22,22,4.4
22,23,4.7
22,24,4.7
22,25,5.0
22,26,2.7
22,27,4.1
22,28,4.7
22,29,4.6
22,30,3.0
22,31,2.6
22,32,2.6
22,33,4.0
22,34,4.2
22,35,4.3
22,36,4.2
22,37,4.4
22,38,2.6
22,39,4.5
22,40,4.1
22,41,4.8
22,42,2.9
22,43,4.5
22,44,4.0
22,45,3.6
22,46,3.4
22,47,3.1
22,48,3.1
22,49,4.7
22,50,5.0
22,51,3.6
22,52,3.4
22,53,4.7
22,54,3.3
22,55,2.6
22,56,3.5
22,57,4.1
22,58,2.8
22,59,3.7
22,60,2.8
22,61,3.4
22,62,4.1
22,63,4.5
22,64,4.8
22,65,4.3
22,66,4.7
22,67,4.8
23,1,3.4
23,2,4.6
23,3,4.1
23,4,4.8
23,5,2.7
23,6,4.8
23,7,4.8
23,8,3.7
23,9,4.0
23,10,3.0
23,11,4.3
23,12,4.4
23,13,2.6
23,14,4.1
23,15,3.4
23,16,3.0
23,17,4.4
23,18,3.3
23,19,3.5
23,20,3.4
23,21,4.1
23,22,4.5
23,23,5.0
23,24,3.9
23,25,4.2
23,26,4.1
23,27,2.7
23,28,4.8
23,29,4.4
23,30,4.9
23,31,4.9
23,32,4.8
23,33,4.8
23,34,4.3
23,35,2.6
23,36,3.2
23,37,2.8
23,38,4.7
23,39,3.1
23,40,5.0
23,41,4.6
23,42,4.8
23,43,2.7
23,44,4.0
23,45,4.9
23,46,4.5
23,47,3.5
23,48,4.8
23,49,2.8
23,50,3.4
23,51,4.4
23,52,2.7
23,53,3.1
23,54,4.1
23,55,4.0
23,56,4.1
23,57,5.0
23,58,3.4
23,59,5.0
23,60,3.2
23,61,4.3
23,62,3.4
23,63,3.2
23,64,2.7
23,65,3.6
23,66,2.9
23,67,3.6
24,1,4.2
24,2,2.6
24,3,3.7
24,4,4.2
24,5,2.9
24,6,2.7
24,7,2.7
24,8,3.0
24,9,2.7
24,10,4.7
24,11,2.6
24,12,3.4
24,13,4.2
24,14,3.9
24,15,4.6
24,16,3.0
24,17,3.6
24,18,3.4
24,19,3.2
24,20,2.7
24,21,4.0
24,22,3.3
24,23,2.8
24,24,3.1
24,25,3.2
24,26,3.9
24,27,3.7
24,28,4.8
24,29,2.5
24,30,3.2
24,31,3.3
24,32,2.5
24,33,2.9
24,34,3.8
24,35,2.7
24,36,3.4
24,37,2.9
24,38,4.0
24,39,2.9
24,40,4.2
24,41,3.9
24,42,4.1
24,43,3.3
24,44,4.1
24,45,4.5
24,46,4.5
24,47,3.9
24,48,2.7
24,49,3.3
24,50,2.8
24,51,3.1
24,52,4.7
24,53,3.3
24,54,3.1
24,55,3.2
24,56,3.3
24,57,3.8
24,58,4.0
24,59,4.1
24,60,3.8
24,61,3.0
24,62,3.7
24,63,3.2
24,64,2.9
24,65,3.9
24,66,2.6
24,67,4.0
25,1,3.3
25,2,4.0
25,3,2.7
25,4,4.2
25,5,3.3
25,6,2.6
25,7,2.6
25,8,3.8
25,9,3.6
25,10,4.8
25,11,2.7
25,12,2.6
25,13,3.4
25,14,3.2
25,15,3.3
25,16,4.2
25,17,4.2
25,18,4.1
25,19,3.8
25,20,3.1
25,21,3.2
25,22,3.4
25,23,3.9
25,24,2.6
25,25,3.2
25,26,2.6
25,27,3.4
25,28,4.0
25,29,3.8
25,30,2.9
25,31,4.2
25,32,3.6
25,33,2.5
25,34,2.9
25,35,2.9
25,36,2.6
25,37,4.1
25,38,3.3
25,39,4.0
25,40,3.0
25,41,2.7
25,42,3.3
25,43,2.7
25,44,4.5
25,45,4.9
25,46,4.5
25,47,3.5
25,48,2.8
25,49,2.6
25,50,2.7
25,51,3.5
25,52,4.1
25,53,3.1
25,54,3.4
25,55,3.2
25,56,2.8
25,57,3.0
25,58,4.1
25,59,3.6
25,60,3.3
25,61,2.5
25,62,5.0
25,63,4.7
25,64,3.0
25,65,4.0
25,66,2.9
25,67,3.4
26,1,5.0
26,2,4.9
26,3,2.6
26,4,2.8
26,5,4.1
26,6,4.7
26,7,4.8
26,8,4.2
26,9,3.4
26,10,4.8
26,11,4.7
26,12,4.5
26,13,4.6
26,14,4.5
26,15,4.3
26,16,4.6
26,17,4.7
26,18,4.0
26,19,3.6
26,20,4.8
26,21,4.2
26,22,4.5
26,23,4.0
26,24,4.2
26,25,4.7
26,26,4.2
26,27,4.1
26,28,4.4
26,29,4.8
26,30,2.8
26,31,3.4
26,32,3.7
26,33,3.5
26,34,2.8
26,35,4.4
26,36,4.8
26,37,4.6
26,38,4.0
26,39,4.8
26,40,4.0
26,41,4.7
26,42,2.8
26,43,5.0
26,44,3.1
26,45,3.1
26,46,2.8
26,47,3.0
26,48,4.0
26,49,5.0
26,50,4.4
26,51,3.3
26,52,3.7
26,53,4.9
26,54,3.5
26,55,3.2
26,56,3.2
26,57,3.7
26,58,2.5
26,59,3.6
26,60,3.1
26,61,3.9
26,62,4.1
26,63,4.6
26,64,4.5
26,65,4.6
26,66,4.1
26,67,4.6
27,1,4.8
27,2,4.5
27,3,2.6
27,4,2.6
27,5,4.3
27,6,4.8
27,7,4.7
27,8,4.8
27,9,3.4
27,10,4.4
27,11,4.1
27,12,4.3
27,13,4.4
27,14,4.1
27,15,4.2
27,16,4.6
27,17,4.7
27,18,5.0
27,19,4.9
27,20,4.6
27,21,4.4
27,22,4.6
27,23,4.8
27,24,4.1
27,25,4.4
27,26,3.9
27,27,4.4
27,28,4.6
27,29,4.6
27,30,2.8
27,31,4.4
27,32,3.1
27,33,2.5
27,34,2.5
27,35,4.8
27,36,4.3
27,37,4.5
27,38,3.0
27,39,4.9
27,40,4.3
27,41,4.4
27,42,4.0
27,43,4.8
27,44,2.8
27,45,3.9
27,46,3.3
27,47,3.3
27,48,4.1
27,49,4.1
27,50,4.7
27,51,3.3
27,52,3.2
27,53,4.7
27,54,4.8
27,55,2.8
27,56,3.5
27,57,4.1
27,58,4.8
27,59,4.7
27,60,5.0
27,61,4.1
27,62,4.1
27,63,4.3
27,64,4.3
27,65,4.2
27,66,4.9
27,67,4.2
28,1,3.6
28,2,4.6
28,3,4.3
28,4,4.3
28,5,3.8
28,6,4.1
28,7,4.2
28,8,3.7
28,9,4.5
28,10,2.7
28,11,4.9
28,12,4.4
28,13,3.9
28,14,4.8
28,15,3.6
28,16,3.3
28,17,5.0
28,18,2.7
28,19,3.7
28,20,2.8
28,21,3.1
28,22,4.3
28,23,4.9
28,24,4.1
28,25,4.2
28,26,4.0
28,27,3.7
28,28,3.2
28,29,4.1
28,30,4.7
28,31,4.5
28,32,5.0
28,33,4.2
28,34,4.4
28,35,3.4
28,36,3.8
28,37,3.4
28,38,3.5
28,39,2.9
28,40,4.8
28,41,4.4
28,42,4.1
28,43,4.7
28,44,4.2
28,45,4.1
28,46,4.9
28,47,3.3
28,48,4.7
28,49,4.3
28,50,4.8
28,51,4.1
28,52,4.4
28,53,4.2
28,54,4.8
28,55,4.5
28,56,4.3
28,57,4.9
28,58,3.4
28,59,4.8
28,60,3.8
28,61,4.0
28,62,2.7
28,63,3.6
28,64,2.8
28,65,2.9
28,66,4.1
28,67,3.5
29,1,3.9
29,2,3.1
29,3,4.5
29,4,3.2
29,5,2.7
29,6,3.2
29,7,2.8
29,8,2.8
29,9,2.7
29,10,3.1
29,11,3.8
29,12,3.0
29,13,4.3
29,14,3.6
29,15,2.8
29,16,4.0
29,17,3.4
29,18,4.4
29,19,4.6
29,20,4.2
29,21,3.5
29,22,3.1
29,23,4.0
29,24,4.2
29,25,3.4
29,26,3.5
29,27,2.6
29,28,3.1
29,29,3.7
29,30,3.9
29,31,4.3
29,32,3.9
29,33,4.1
29,34,4.0
29,35,4.1
29,36,3.8
29,37,3.0
29,38,4.2
29,39,3.3
29,40,2.7
29,41,3.7
29,42,3.0
29,43,4.2
29,44,4.2
29,45,3.6
29,46,2.7
29,47,3.7
29,48,4.1
29,49,2.5
29,50,3.9
29,51,2.9
29,52,3.1
29,53,4.2
29,54,4.3
29,55,3.0
29,56,4.1
29,57,4.1
29,58,4.8
29,59,5.0
29,60,4.9
29,61,4.7
29,62,4.3
29,63,4.3
29,64,4.8
29,65,4.9
29,66,4.5
29,67,4.2
30,1,4.2
30,2,3.5
30,3,4.4
30,4,3.5
30,5,4.7
30,6,3.9
30,7,3.9
30,8,4.3
30,9,2.6
30,10,3.8
30,11,2.7
30,12,3.0
30,13,2.5
30,14,3.7
30,15,2.8
30,16,4.7
30,17,4.2
30,18,4.1
30,19,4.1
30,20,3.1
30,21,4.9
30,22,2.9
30,23,3.1
30,24,2.6
30,25,3.8
30,26,3.2
30,27,4.8
30,28,4.9
30,29,2.9
30,30,3.9
30,31,2.6
30,32,4.0
30,33,3.6
30,34,4.0
30,35,2.5
30,36,4.2
30,37,4.4
30,38,4.4
30,39,4.2
30,40,3.1
30,41,2.7
30,42,3.2
30,43,3.9
30,44,3.3
30,45,2.5
30,46,3.2
30,47,4.0
30,48,4.1
30,49,2.7
30,50,3.7
30,51,4.2
30,52,3.9
30,53,4.7
30,54,3.9
30,55,4.2
30,56,3.6
30,57,3.5
30,58,4.6
30,59,3.4
30,60,4.6
30,61,3.3
30,62,2.9
30,63,2.7
30,64,2.6
30,65,2.9
30,66,2.6
30,67,3.5
